,avg_tired,avg_capable,avg_meaningful
High,15.799226321754562,0.05548939343806504,0.07619643242702157
Low,0.02792585648812258,21.80695724233718,24.71859882490568
Moderate,2.2665101997851407,0.8264088329877446,0.5309351924985231
