,avg_tired,avg_capable,avg_meaningful
High,2.75996097185644,-2.8915633857174963,-2.5744406359285827
Low,-3.5782022634811907,3.0822290584375986,3.2075559491426286
Moderate,0.8182412916247498,-0.19066567272010232,-0.6331153132140449
